<?xml version="1.0" encoding="utf-8" ?><dwsync><file name="btn_left.gif" server="ftp.wbz13.registeredsite.com//www/" local="-4376361182571790336" remote="-4374130741630468096" /><file name="btn_right.gif" server="ftp.wbz13.registeredsite.com//www/" local="-4376362505421717504" remote="-4374130741630468096" /><file name="checkbox.gif" server="ftp.wbz13.registeredsite.com//www/" local="-4374214867154894848" remote="-4374130741630468096" /><file name="input_left.gif" server="ftp.wbz13.registeredsite.com//www/" local="-4374234593939685376" remote="-4374130741630468096" /><file name="input_right.gif" server="ftp.wbz13.registeredsite.com//www/" local="-4374234593939685376" remote="-4374130741630468096" /><file name="radio.gif" server="ftp.wbz13.registeredsite.com//www/" local="-4374214424773263360" remote="-4374130741630468096" /><file name="select_right.gif" server="ftp.wbz13.registeredsite.com//www/" local="-4375277201545756672" remote="-4374130741630468096" /><file name="input.gif" server="ftp.wbz13.registeredsite.com//www/" local="3310571268" remote="1907159013960929100" /></dwsync>